1	Hydrogenivirga | EDP74743	cellular organisms; Bacteria; Aquificae; Aquificae; Aquificales; Aquificaceae; Hydrogenivirga
2	Hydrogenobacter thermophilus | BAI68617	cellular organisms; Bacteria; Aquificae; Aquificae; Aquificales; Aquificaceae; Hydrogenobacter; Hydrogenobacter thermophilus
3	Persephonella marina | ACO04194	cellular organisms; Bacteria; Aquificae; Aquificae; Aquificales; Hydrogenothermaceae; Persephonella; Persephonella marina
4	Rhodothermus marinus | ACY47550	cellular organisms; Bacteria; FCB group; Bacteroidetes/Chlorobi group; Bacteroidetes; Bacteroidetes Order II. Incertae sedis; Rhodothermaceae; Rhodothermus; Rhodothermus marinus
5	Lutibacter | AMC11863	cellular organisms; Bacteria; FCB group; Bacteroidetes/Chlorobi group; Bacteroidetes; Flavobacteriia; Flavobacteriales; Flavobacteriaceae; Lutibacter
6	Candidatus Kuenenia | CAJ74898	cellular organisms; Bacteria; PVC group; Planctomycetes; Planctomycetia; Candidatus Brocadiales; Candidatus Brocadiaceae; Candidatus Kuenenia
7	unclassified Acidithiobacillales | KPK69514	cellular organisms; Bacteria; Proteobacteria; Acidithiobacillia; Acidithiobacillales; unclassified Acidithiobacillales
8	unclassified Acidithiobacillales | KPK11659	cellular organisms; Bacteria; Proteobacteria; Acidithiobacillia; Acidithiobacillales; unclassified Acidithiobacillales
9	unclassified Acidithiobacillales | KPK12896	cellular organisms; Bacteria; Proteobacteria; Acidithiobacillia; Acidithiobacillales; unclassified Acidithiobacillales
10	Bradyrhizobium oligotrophicum | BAM92788	cellular organisms; Bacteria; Proteobacteria; Alphaproteobacteria; Rhizobiales; Bradyrhizobiaceae; Bradyrhizobium; Bradyrhizobium oligotrophicum
11	Prosthecomicrobium hirschii | KPL55974	cellular organisms; Bacteria; Proteobacteria; Alphaproteobacteria; Rhizobiales; Hyphomicrobiaceae; Prosthecomicrobium; Prosthecomicrobium hirschii
12	Aliiroseovarius crassostreae | KPN61790	cellular organisms; Bacteria; Proteobacteria; Alphaproteobacteria; Rhodobacterales; Rhodobacteraceae; Aliiroseovarius; Aliiroseovarius crassostreae
13	Dinoroseobacter shibae | ABV94913	cellular organisms; Bacteria; Proteobacteria; Alphaproteobacteria; Rhodobacterales; Rhodobacteraceae; Dinoroseobacter; Dinoroseobacter shibae
14	Labrenzia aggregata | CTQ46751	cellular organisms; Bacteria; Proteobacteria; Alphaproteobacteria; Rhodobacterales; Rhodobacteraceae; Labrenzia; Labrenzia aggregata
15	Labrenzia alba | CTQ53626	cellular organisms; Bacteria; Proteobacteria; Alphaproteobacteria; Rhodobacterales; Rhodobacteraceae; Labrenzia; Labrenzia alba
16	Labrenzia alba | CTQ80920	cellular organisms; Bacteria; Proteobacteria; Alphaproteobacteria; Rhodobacterales; Rhodobacteraceae; Labrenzia; Labrenzia alba
17	Litoreibacter arenae | EPX78564	cellular organisms; Bacteria; Proteobacteria; Alphaproteobacteria; Rhodobacterales; Rhodobacteraceae; Litoreibacter; Litoreibacter arenae
18	Paracoccus denitrificans | AAA93118	cellular organisms; Bacteria; Proteobacteria; Alphaproteobacteria; Rhodobacterales; Rhodobacteraceae; Paracoccus
19	Paracoccus pantotrophus | CAC03621	cellular organisms; Bacteria; Proteobacteria; Alphaproteobacteria; Rhodobacterales; Rhodobacteraceae; Paracoccus; Paracoccus pantotrophus
20	Paracoccus sanguinis | KGJ19286	cellular organisms; Bacteria; Proteobacteria; Alphaproteobacteria; Rhodobacterales; Rhodobacteraceae; Paracoccus; Paracoccus sanguinis
21	Paracoccus sanguinis | KGJ14663	cellular organisms; Bacteria; Proteobacteria; Alphaproteobacteria; Rhodobacterales; Rhodobacteraceae; Paracoccus; Paracoccus sanguinis
22	Paracoccus sanguinis | KGJ16348	cellular organisms; Bacteria; Proteobacteria; Alphaproteobacteria; Rhodobacterales; Rhodobacteraceae; Paracoccus; Paracoccus sanguinis
23	Pseudovibrio | KZK94635	cellular organisms; Bacteria; Proteobacteria; Alphaproteobacteria; Rhodobacterales; Rhodobacteraceae; Pseudovibrio
24	Pseudovibrio | AEV35410	cellular organisms; Bacteria; Proteobacteria; Alphaproteobacteria; Rhodobacterales; Rhodobacteraceae; Pseudovibrio
25	Pseudovibrio axinellae | KZL05178	cellular organisms; Bacteria; Proteobacteria; Alphaproteobacteria; Rhodobacterales; Rhodobacteraceae; Pseudovibrio; Pseudovibrio axinellae
26	Roseobacter litoralis | AEI95094	cellular organisms; Bacteria; Proteobacteria; Alphaproteobacteria; Rhodobacterales; Rhodobacteraceae; Roseobacter
27	Ruegeria atlantica | CUH47623	cellular organisms; Bacteria; Proteobacteria; Alphaproteobacteria; Rhodobacterales; Rhodobacteraceae; Ruegeria; Ruegeria atlantica
28	Ruegeria denitrificans | CUK17577	cellular organisms; Bacteria; Proteobacteria; Alphaproteobacteria; Rhodobacterales; Rhodobacteraceae; Ruegeria; Ruegeria denitrificans
29	Ruegeria marisrubri | KUJ73455	cellular organisms; Bacteria; Proteobacteria; Alphaproteobacteria; Rhodobacterales; Rhodobacteraceae; Ruegeria; Ruegeria marisrubri
30	Ruegeria pomeroyi | AAV97354	cellular organisms; Bacteria; Proteobacteria; Alphaproteobacteria; Rhodobacterales; Rhodobacteraceae; Ruegeria; Ruegeria pomeroyi
31	Thioclava indica | KEO60092	cellular organisms; Bacteria; Proteobacteria; Alphaproteobacteria; Rhodobacterales; Rhodobacteraceae; Thioclava; Thioclava indica
32	unclassified Rhodobacteraceae | KPP83431	cellular organisms; Bacteria; Proteobacteria; Alphaproteobacteria; Rhodobacterales; Rhodobacteraceae; unclassified Rhodobacteraceae
33	Azospirillum brasilense | ALJ39431	cellular organisms; Bacteria; Proteobacteria; Alphaproteobacteria; Rhodospirillales; Rhodospirillaceae; Azospirillum; Azospirillum brasilense
34	Caenispirillum salinarum | EKV27616	cellular organisms; Bacteria; Proteobacteria; Alphaproteobacteria; Rhodospirillales; Rhodospirillaceae; Caenispirillum; Caenispirillum salinarum
35	Magnetospirillum | CUW39091	cellular organisms; Bacteria; Proteobacteria; Alphaproteobacteria; Rhodospirillales; Rhodospirillaceae; Magnetospirillum
36	Magnetospirillum | CUW37497	cellular organisms; Bacteria; Proteobacteria; Alphaproteobacteria; Rhodospirillales; Rhodospirillaceae; Magnetospirillum
37	Magnetospirillum caucaseum | EME68346	cellular organisms; Bacteria; Proteobacteria; Alphaproteobacteria; Rhodospirillales; Rhodospirillaceae; Magnetospirillum; Magnetospirillum caucaseum
38	Magnetospirillum gryphiswaldense | CAM74253	cellular organisms; Bacteria; Proteobacteria; Alphaproteobacteria; Rhodospirillales; Rhodospirillaceae; Magnetospirillum; Magnetospirillum gryphiswaldense
39	Magnetospirillum magneticum | BAE50199	cellular organisms; Bacteria; Proteobacteria; Alphaproteobacteria; Rhodospirillales; Rhodospirillaceae; Magnetospirillum; Magnetospirillum magneticum
40	Magnetospirillum magneticum | BAE52969	cellular organisms; Bacteria; Proteobacteria; Alphaproteobacteria; Rhodospirillales; Rhodospirillaceae; Magnetospirillum; Magnetospirillum magneticum
41	Magnetospirillum marisnigri | OAN51092	cellular organisms; Bacteria; Proteobacteria; Alphaproteobacteria; Rhodospirillales; Rhodospirillaceae; Magnetospirillum
42	Magnetospirillum moscoviense | OAN63200	cellular organisms; Bacteria; Proteobacteria; Alphaproteobacteria; Rhodospirillales; Rhodospirillaceae; Magnetospirillum; Magnetospirillum moscoviense
43	Thalassospira permensis | KEO59842	cellular organisms; Bacteria; Proteobacteria; Alphaproteobacteria; Rhodospirillales; Rhodospirillaceae; Thalassospira; Thalassospira permensis
44	Thalassospira xiamenensis | KZB51849	cellular organisms; Bacteria; Proteobacteria; Alphaproteobacteria; Rhodospirillales; Rhodospirillaceae; Thalassospira; Thalassospira xiamenensis
45	Polymorphum gilvum | ADZ69009	cellular organisms; Bacteria; Proteobacteria; Alphaproteobacteria; unclassified Alphaproteobacteria; Polymorphum; Polymorphum gilvum
46	unclassified Alphaproteobacteria (miscellaneous) | KUO58472	cellular organisms; Bacteria; Proteobacteria; Alphaproteobacteria; unclassified Alphaproteobacteria; unclassified Alphaproteobacteria (miscellaneous)
47	Bordetella petrii | CAP44402	cellular organisms; Bacteria; Proteobacteria; Betaproteobacteria; Burkholderiales; Alcaligenaceae; Bordetella; Bordetella petrii
48	Cupriavidus | EKZ97934	cellular organisms; Bacteria; Proteobacteria; Betaproteobacteria; Burkholderiales; Burkholderiaceae; Cupriavidus
49	Cupriavidus | EON19711	cellular organisms; Bacteria; Proteobacteria; Betaproteobacteria; Burkholderiales; Burkholderiaceae; Cupriavidus
50	Cupriavidus alkaliphilus | SCB26603	cellular organisms; Bacteria; Proteobacteria; Betaproteobacteria; Burkholderiales; Burkholderiaceae; Cupriavidus; Cupriavidus alkaliphilus
51	Cupriavidus nantongensis | AMR81885	cellular organisms; Bacteria; Proteobacteria; Betaproteobacteria; Burkholderiales; Burkholderiaceae; Cupriavidus; Cupriavidus nantongensis
52	Cupriavidus pinatubonensis | AAZ64358	cellular organisms; Bacteria; Proteobacteria; Betaproteobacteria; Burkholderiales; Burkholderiaceae; Cupriavidus; Cupriavidus pinatubonensis
53	Cupriavidus taiwanensis | CAQ72627	cellular organisms; Bacteria; Proteobacteria; Betaproteobacteria; Burkholderiales; Burkholderiaceae; Cupriavidus; Cupriavidus taiwanensis
54	Ralstonia pickettii | AGW94840	cellular organisms; Bacteria; Proteobacteria; Betaproteobacteria; Burkholderiales; Burkholderiaceae; Ralstonia; Ralstonia pickettii
55	Acidovorax | KRB41143	cellular organisms; Bacteria; Proteobacteria; Betaproteobacteria; Burkholderiales; Comamonadaceae; Acidovorax
56	Acidovorax | KRD56228	cellular organisms; Bacteria; Proteobacteria; Betaproteobacteria; Burkholderiales; Comamonadaceae; Acidovorax
57	Alicycliphilus | GAO23488	cellular organisms; Bacteria; Proteobacteria; Betaproteobacteria; Burkholderiales; Comamonadaceae; Alicycliphilus
58	Brachymonas denitrificans | ABI96831	cellular organisms; Bacteria; Proteobacteria; Betaproteobacteria; Burkholderiales; Comamonadaceae; Brachymonas; Brachymonas denitrificans
59	Comamonas denitrificans | ABI96832	cellular organisms; Bacteria; Proteobacteria; Betaproteobacteria; Burkholderiales; Comamonadaceae; Comamonas; Comamonas denitrificans
60	Curvibacter | KRH99151	cellular organisms; Bacteria; Proteobacteria; Betaproteobacteria; Burkholderiales; Comamonadaceae; Curvibacter
61	Diaphorobacter | KLR56966	cellular organisms; Bacteria; Proteobacteria; Betaproteobacteria; Burkholderiales; Comamonadaceae; Diaphorobacter
62	Hydrogenophaga crassostreae | OAD43807	cellular organisms; Bacteria; Proteobacteria; Betaproteobacteria; Burkholderiales; Comamonadaceae; Hydrogenophaga; Hydrogenophaga crassostreae
63	Pelomonas | KQY82451	cellular organisms; Bacteria; Proteobacteria; Betaproteobacteria; Burkholderiales; Comamonadaceae; Pelomonas
64	Paucibacter | ALT77177	cellular organisms; Bacteria; Proteobacteria; Betaproteobacteria; Burkholderiales; unclassified Burkholderiales; Burkholderiales Genera incertae sedis; Paucibacter
65	Rubrivivax gelatinosus | BAL94003	cellular organisms; Bacteria; Proteobacteria; Betaproteobacteria; Burkholderiales; unclassified Burkholderiales; Burkholderiales Genera incertae sedis; Rubrivivax; Rubrivivax gelatinosus
66	Chromobacterium | KMN32840	cellular organisms; Bacteria; Proteobacteria; Betaproteobacteria; Neisseriales; Chromobacteriaceae; Chromobacterium group; Chromobacterium
67	Pseudogulbenkiania | BAK76244	cellular organisms; Bacteria; Proteobacteria; Betaproteobacteria; Neisseriales; Chromobacteriaceae; Pseudogulbenkiania
68	Vogesella | SCK19326	cellular organisms; Bacteria; Proteobacteria; Betaproteobacteria; Neisseriales; Chromobacteriaceae; Vogesella
69	Vogesella | KMJ53071	cellular organisms; Bacteria; Proteobacteria; Betaproteobacteria; Neisseriales; Chromobacteriaceae; Vogesella
70	Sideroxydans lithotrophicus | ADE11367	cellular organisms; Bacteria; Proteobacteria; Betaproteobacteria; Nitrosomonadales; Gallionellaceae; Sideroxydans; Sideroxydans lithotrophicus
71	Sulfuricella denitrificans | GAB72194	cellular organisms; Bacteria; Proteobacteria; Betaproteobacteria; Nitrosomonadales; Gallionellaceae; Sulfuricella; Sulfuricella denitrificans
72	Methylobacillus | OAJ71930	cellular organisms; Bacteria; Proteobacteria; Betaproteobacteria; Nitrosomonadales; Methylophilaceae; Methylobacillus
73	Thiobacillus denitrificans | AAZ96030	cellular organisms; Bacteria; Proteobacteria; Betaproteobacteria; Nitrosomonadales; Thiobacillaceae; Thiobacillus; Thiobacillus denitrificans
74	Thiobacillus denitrificans | KVW95088	cellular organisms; Bacteria; Proteobacteria; Betaproteobacteria; Nitrosomonadales; Thiobacillaceae; Thiobacillus; Thiobacillus denitrificans
75	Dechloromonas aromatica | AAZ48052	cellular organisms; Bacteria; Proteobacteria; Betaproteobacteria; Rhodocyclales; Azonexaceae; Dechloromonas; Dechloromonas aromatica
76	Dechloromonas aromatica | AAZ48004	cellular organisms; Bacteria; Proteobacteria; Betaproteobacteria; Rhodocyclales; Azonexaceae; Dechloromonas; Dechloromonas aromatica
77	Dechloromonas denitrificans | KXB31613	cellular organisms; Bacteria; Proteobacteria; Betaproteobacteria; Rhodocyclales; Azonexaceae; Dechloromonas; Dechloromonas denitrificans
78	Dechloromonas denitrificans | KXB30410	cellular organisms; Bacteria; Proteobacteria; Betaproteobacteria; Rhodocyclales; Azonexaceae; Dechloromonas; Dechloromonas denitrificans
79	Aromatoleum aromaticum | CAI06598	cellular organisms; Bacteria; Proteobacteria; Betaproteobacteria; Rhodocyclales; Rhodocyclaceae; Aromatoleum; Aromatoleum aromaticum
80	Propionivibrio | SBT10752	cellular organisms; Bacteria; Proteobacteria; Betaproteobacteria; Rhodocyclales; Rhodocyclaceae; Propionivibrio
81	Azoarcus | KON80814	cellular organisms; Bacteria; Proteobacteria; Betaproteobacteria; Rhodocyclales; Zoogloeaceae; Azoarcus
82	Azoarcus | KON80808	cellular organisms; Bacteria; Proteobacteria; Betaproteobacteria; Rhodocyclales; Zoogloeaceae; Azoarcus
83	Azoarcus | AKU13501	cellular organisms; Bacteria; Proteobacteria; Betaproteobacteria; Rhodocyclales; Zoogloeaceae; Azoarcus
84	Azoarcus | BAL25833	cellular organisms; Bacteria; Proteobacteria; Betaproteobacteria; Rhodocyclales; Zoogloeaceae; Azoarcus
85	Azoarcus | AKU13494	cellular organisms; Bacteria; Proteobacteria; Betaproteobacteria; Rhodocyclales; Zoogloeaceae; Azoarcus
86	Thauera | ACR01220	cellular organisms; Bacteria; Proteobacteria; Betaproteobacteria; Rhodocyclales; Zoogloeaceae; Thauera
87	Thauera | ENO93245	cellular organisms; Bacteria; Proteobacteria; Betaproteobacteria; Rhodocyclales; Zoogloeaceae; Thauera
88	Thauera | ENO83228	cellular organisms; Bacteria; Proteobacteria; Betaproteobacteria; Rhodocyclales; Zoogloeaceae; Thauera
89	Thauera humireducens | KMU69225	cellular organisms; Bacteria; Proteobacteria; Betaproteobacteria; Rhodocyclales; Zoogloeaceae; Thauera; Thauera humireducens
90	Thauera humireducens | AMO36595	cellular organisms; Bacteria; Proteobacteria; Betaproteobacteria; Rhodocyclales; Zoogloeaceae; Thauera; Thauera humireducens
91	Thauera linaloolentis | ENO85266	cellular organisms; Bacteria; Proteobacteria; Betaproteobacteria; Rhodocyclales; Zoogloeaceae; Thauera; Thauera linaloolentis
92	Thauera phenylacetica | ENO97922	cellular organisms; Bacteria; Proteobacteria; Betaproteobacteria; Rhodocyclales; Zoogloeaceae; Thauera; Thauera phenylacetica
93	Thauera terpenica | EPZ16013	cellular organisms; Bacteria; Proteobacteria; Betaproteobacteria; Rhodocyclales; Zoogloeaceae; Thauera; Thauera terpenica
94	Candidatus Accumulibacter | EXI73901	cellular organisms; Bacteria; Proteobacteria; Betaproteobacteria; unclassified Betaproteobacteria; Candidatus Accumulibacter
95	Candidatus Accumulibacter | EXI86426	cellular organisms; Bacteria; Proteobacteria; Betaproteobacteria; unclassified Betaproteobacteria; Candidatus Accumulibacter
96	Candidatus Accumulibacter | EXI82847	cellular organisms; Bacteria; Proteobacteria; Betaproteobacteria; unclassified Betaproteobacteria; Candidatus Accumulibacter
97	Candidatus Accumulibacter | EXI80263	cellular organisms; Bacteria; Proteobacteria; Betaproteobacteria; unclassified Betaproteobacteria; Candidatus Accumulibacter
98	Candidatus Accumulibacter | EXI67674	cellular organisms; Bacteria; Proteobacteria; Betaproteobacteria; unclassified Betaproteobacteria; Candidatus Accumulibacter
99	Candidatus Accumulibacter | SBT06803	cellular organisms; Bacteria; Proteobacteria; Betaproteobacteria; unclassified Betaproteobacteria; Candidatus Accumulibacter
100	Candidatus Accumulibacter | EXI90076	cellular organisms; Bacteria; Proteobacteria; Betaproteobacteria; unclassified Betaproteobacteria; Candidatus Accumulibacter
101	Candidatus Accumulibacter | KFB75449	cellular organisms; Bacteria; Proteobacteria; Betaproteobacteria; unclassified Betaproteobacteria; Candidatus Accumulibacter
102	unclassified Betaproteobacteria (miscellaneous) | KPK19352	cellular organisms; Bacteria; Proteobacteria; Betaproteobacteria; unclassified Betaproteobacteria; unclassified Betaproteobacteria (miscellaneous)
103	Sulfuricaulis limicola | BAV32586	cellular organisms; Bacteria; Proteobacteria; Gammaproteobacteria; Acidiferrobacterales; Acidiferrobacteraceae; Sulfuricaulis; Sulfuricaulis limicola
104	Sulfurifustis variabilis | BAU46932	cellular organisms; Bacteria; Proteobacteria; Gammaproteobacteria; Acidiferrobacterales; Acidiferrobacteraceae; Sulfurifustis; Sulfurifustis variabilis
105	Marinobacter | KRW81607	cellular organisms; Bacteria; Proteobacteria; Gammaproteobacteria; Alteromonadales; Alteromonadaceae; Marinobacter
106	Marinobacter | KXS53637	cellular organisms; Bacteria; Proteobacteria; Gammaproteobacteria; Alteromonadales; Alteromonadaceae; Marinobacter
107	Marinobacter | OAN89896	cellular organisms; Bacteria; Proteobacteria; Gammaproteobacteria; Alteromonadales; Alteromonadaceae; Marinobacter
108	Marinobacter hydrocarbonoclasticus | AMO65337	cellular organisms; Bacteria; Proteobacteria; Gammaproteobacteria; Alteromonadales; Alteromonadaceae; Marinobacter
109	Marinobacter nitratireducens | KEF31766	cellular organisms; Bacteria; Proteobacteria; Gammaproteobacteria; Alteromonadales; Alteromonadaceae; Marinobacter; Marinobacter nitratireducens
110	Colwellia | KXJ57710	cellular organisms; Bacteria; Proteobacteria; Gammaproteobacteria; Alteromonadales; Colwelliaceae; Colwellia
111	Colwellia psychrerythraea | AAZ25602	cellular organisms; Bacteria; Proteobacteria; Gammaproteobacteria; Alteromonadales; Colwelliaceae; Colwellia; Colwellia psychrerythraea
112	Thalassomonas viridans | KJE44101	cellular organisms; Bacteria; Proteobacteria; Gammaproteobacteria; Alteromonadales; Colwelliaceae; Thalassomonas
113	Idiomarina woesei | CUA85405	cellular organisms; Bacteria; Proteobacteria; Gammaproteobacteria; Alteromonadales; Idiomarinaceae; Idiomarina; Idiomarina woesei
114	Woeseia oceani | ANO53026	cellular organisms; Bacteria; Proteobacteria; Gammaproteobacteria; Chromatiales; Woeseiaceae; Woeseia; Woeseia oceani
115	Steroidobacter denitrificans | AMN47484	cellular organisms; Bacteria; Proteobacteria; Gammaproteobacteria; Nevskiales; Sinobacteraceae; Steroidobacter; Steroidobacter denitrificans
116	Halomonas | EWH00081	cellular organisms; Bacteria; Proteobacteria; Gammaproteobacteria; Oceanospirillales; Halomonadaceae; Halomonas
117	Halomonas | ERS82918	cellular organisms; Bacteria; Proteobacteria; Gammaproteobacteria; Oceanospirillales; Halomonadaceae; Halomonas
118	Halomonas chromatireducens | AMD00733	cellular organisms; Bacteria; Proteobacteria; Gammaproteobacteria; Oceanospirillales; Halomonadaceae; Halomonas; Halomonas chromatireducens
119	Oleispira antarctica | CCK76416	cellular organisms; Bacteria; Proteobacteria; Gammaproteobacteria; Oceanospirillales; Oceanospirillaceae; Oleispira; Oleispira antarctica
120	Oleiphilus | KZY45670	cellular organisms; Bacteria; Proteobacteria; Gammaproteobacteria; Oceanospirillales; Oleiphilaceae; Oleiphilus
121	Pseudomonadaceae | ANT47463	cellular organisms; Bacteria; Proteobacteria; Gammaproteobacteria; Pseudomonadales; Pseudomonadaceae
122	Pseudomonadaceae | CRL52228	cellular organisms; Bacteria; Proteobacteria; Gammaproteobacteria; Pseudomonadales; Pseudomonadaceae
123	Pseudomonas | EPJ77640	cellular organisms; Bacteria; Proteobacteria; Gammaproteobacteria; Pseudomonadales; Pseudomonadaceae; Pseudomonas
124	Pseudomonas | BAP81073	cellular organisms; Bacteria; Proteobacteria; Gammaproteobacteria; Pseudomonadales; Pseudomonadaceae; Pseudomonas
125	Pseudomonas | KQV22519	cellular organisms; Bacteria; Proteobacteria; Gammaproteobacteria; Pseudomonadales; Pseudomonadaceae; Pseudomonas
126	Pseudomonas | CRM07789	cellular organisms; Bacteria; Proteobacteria; Gammaproteobacteria; Pseudomonadales; Pseudomonadaceae; Pseudomonas
127	Pseudomonas | KRW65871	cellular organisms; Bacteria; Proteobacteria; Gammaproteobacteria; Pseudomonadales; Pseudomonadaceae; Pseudomonas
128	Pseudomonas | ANI59936	cellular organisms; Bacteria; Proteobacteria; Gammaproteobacteria; Pseudomonadales; Pseudomonadaceae; Pseudomonas
129	Pseudomonas | EXF45415	cellular organisms; Bacteria; Proteobacteria; Gammaproteobacteria; Pseudomonadales; Pseudomonadaceae; Pseudomonas
130	Pseudomonas | CRM48241	cellular organisms; Bacteria; Proteobacteria; Gammaproteobacteria; Pseudomonadales; Pseudomonadaceae; Pseudomonas
131	Pseudomonas | KMT52711	cellular organisms; Bacteria; Proteobacteria; Gammaproteobacteria; Pseudomonadales; Pseudomonadaceae; Pseudomonas
132	Pseudomonas aeruginosa group | KZM15111	cellular organisms; Bacteria; Proteobacteria; Gammaproteobacteria; Pseudomonadales; Pseudomonadaceae; Pseudomonas; Pseudomonas aeruginosa group
133	Pseudomonas bauzanensis | EZQ19309	cellular organisms; Bacteria; Proteobacteria; Gammaproteobacteria; Pseudomonadales; Pseudomonadaceae; Pseudomonas; Pseudomonas bauzanensis
134	Pseudomonas brassicacearum | AHL33762	cellular organisms; Bacteria; Proteobacteria; Gammaproteobacteria; Pseudomonadales; Pseudomonadaceae; Pseudomonas; Pseudomonas brassicacearum
135	Pseudomonas chlororaphis group | AKJ99904	cellular organisms; Bacteria; Proteobacteria; Gammaproteobacteria; Pseudomonadales; Pseudomonadaceae; Pseudomonas; Pseudomonas chlororaphis group
136	Pseudomonas donghuensis | KDN99090	cellular organisms; Bacteria; Proteobacteria; Gammaproteobacteria; Pseudomonadales; Pseudomonadaceae; Pseudomonas
137	Pseudomonas flexibilis | KHO66697	cellular organisms; Bacteria; Proteobacteria; Gammaproteobacteria; Pseudomonadales; Pseudomonadaceae; Pseudomonas; Pseudomonas flexibilis
138	Pseudomonas flexibilis | KHO66430	cellular organisms; Bacteria; Proteobacteria; Gammaproteobacteria; Pseudomonadales; Pseudomonadaceae; Pseudomonas; Pseudomonas flexibilis
139	Pseudomonas fluorescens group | KTB66764	cellular organisms; Bacteria; Proteobacteria; Gammaproteobacteria; Pseudomonadales; Pseudomonadaceae; Pseudomonas; Pseudomonas fluorescens group
140	Pseudomonas fluorescens group | KRP45794	cellular organisms; Bacteria; Proteobacteria; Gammaproteobacteria; Pseudomonadales; Pseudomonadaceae; Pseudomonas; Pseudomonas fluorescens group
141	Pseudomonas fluorescens group | AOE60879	cellular organisms; Bacteria; Proteobacteria; Gammaproteobacteria; Pseudomonadales; Pseudomonadaceae; Pseudomonas; Pseudomonas fluorescens group
142	Pseudomonas fluorescens group | AAG34381	cellular organisms; Bacteria; Proteobacteria; Gammaproteobacteria; Pseudomonadales; Pseudomonadaceae; Pseudomonas; Pseudomonas fluorescens group
143	Pseudomonas fluorescens group | OPK05454	cellular organisms; Bacteria; Proteobacteria; Gammaproteobacteria; Pseudomonadales; Pseudomonadaceae; Pseudomonas; Pseudomonas fluorescens group
144	Pseudomonas fluorescens group | OAJ47348	cellular organisms; Bacteria; Proteobacteria; Gammaproteobacteria; Pseudomonadales; Pseudomonadaceae; Pseudomonas; Pseudomonas fluorescens group
145	Pseudomonas fluorescens group | ALI03605	cellular organisms; Bacteria; Proteobacteria; Gammaproteobacteria; Pseudomonadales; Pseudomonadaceae; Pseudomonas; Pseudomonas fluorescens group
146	Pseudomonas fluorescens group | OAE17393	cellular organisms; Bacteria; Proteobacteria; Gammaproteobacteria; Pseudomonadales; Pseudomonadaceae; Pseudomonas
147	Pseudomonas fluorescens | EJL03538	cellular organisms; Bacteria; Proteobacteria; Gammaproteobacteria; Pseudomonadales; Pseudomonadaceae; Pseudomonas; Pseudomonas fluorescens group; Pseudomonas fluorescens
148	Pseudomonas fluorescens | EFQ62804	cellular organisms; Bacteria; Proteobacteria; Gammaproteobacteria; Pseudomonadales; Pseudomonadaceae; Pseudomonas; Pseudomonas fluorescens group; Pseudomonas fluorescens
149	Pseudomonas mandelii | AHZ73459	cellular organisms; Bacteria; Proteobacteria; Gammaproteobacteria; Pseudomonadales; Pseudomonadaceae; Pseudomonas; Pseudomonas fluorescens group; Pseudomonas mandelii
150	Pseudomonas frederiksbergensis | KHK64801	cellular organisms; Bacteria; Proteobacteria; Gammaproteobacteria; Pseudomonadales; Pseudomonadaceae; Pseudomonas; Pseudomonas frederiksbergensis
151	Pseudomonas lini | KNH44064	cellular organisms; Bacteria; Proteobacteria; Gammaproteobacteria; Pseudomonadales; Pseudomonadaceae; Pseudomonas
152	Pseudomonas saudimassiliensis | CEA06121	cellular organisms; Bacteria; Proteobacteria; Gammaproteobacteria; Pseudomonadales; Pseudomonadaceae; Pseudomonas; Pseudomonas saudimassiliensis
153	Pseudomonas silesiensis | ANJ56620	cellular organisms; Bacteria; Proteobacteria; Gammaproteobacteria; Pseudomonadales; Pseudomonadaceae; Pseudomonas; Pseudomonas silesiensis
154	Pseudomonas stutzeri group | OCX24666	cellular organisms; Bacteria; Proteobacteria; Gammaproteobacteria; Pseudomonadales; Pseudomonadaceae; Pseudomonas; Pseudomonas stutzeri group
155	Pseudomonas balearica | AJE16628	cellular organisms; Bacteria; Proteobacteria; Gammaproteobacteria; Pseudomonadales; Pseudomonadaceae; Pseudomonas; Pseudomonas stutzeri group
156	Pseudomonas stutzeri subgroup | AFN27053	cellular organisms; Bacteria; Proteobacteria; Gammaproteobacteria; Pseudomonadales; Pseudomonadaceae; Pseudomonas; Pseudomonas stutzeri group; Pseudomonas stutzeri subgroup
157	Pseudomonas stutzeri subgroup | AHY41593	cellular organisms; Bacteria; Proteobacteria; Gammaproteobacteria; Pseudomonadales; Pseudomonadaceae; Pseudomonas; Pseudomonas stutzeri group; Pseudomonas stutzeri subgroup
158	Pseudomonas stutzeri subgroup | AEJ06785	cellular organisms; Bacteria; Proteobacteria; Gammaproteobacteria; Pseudomonadales; Pseudomonadaceae; Pseudomonas
159	Pseudomonas stutzeri subgroup | AAA02944	cellular organisms; Bacteria; Proteobacteria; Gammaproteobacteria; Pseudomonadales; Pseudomonadaceae; Pseudomonas; Pseudomonas stutzeri group; Pseudomonas stutzeri subgroup
160	Pseudomonas stutzeri | EHY75992	cellular organisms; Bacteria; Proteobacteria; Gammaproteobacteria; Pseudomonadales; Pseudomonadaceae; Pseudomonas; Pseudomonas stutzeri group; Pseudomonas stutzeri subgroup; Pseudomonas stutzeri
161	Pseudomonas stutzeri | EQM73606	cellular organisms; Bacteria; Proteobacteria; Gammaproteobacteria; Pseudomonadales; Pseudomonadaceae; Pseudomonas; Pseudomonas stutzeri group; Pseudomonas stutzeri subgroup; Pseudomonas stutzeri
162	Pseudomonas syringae group genomosp. 1 | KFE56309	cellular organisms; Bacteria; Proteobacteria; Gammaproteobacteria; Pseudomonadales; Pseudomonadaceae; Pseudomonas; Pseudomonas syringae group; Pseudomonas syringae group genomosp. 1
163	Beggiatoa | EDN67831	cellular organisms; Bacteria; Proteobacteria; Gammaproteobacteria; Thiotrichales; Thiotrichaceae; Beggiatoa
164	Thiomargarita | OAD21685	cellular organisms; Bacteria; Proteobacteria; Gammaproteobacteria; Thiotrichales; Thiotrichaceae; Thiomargarita
165	Thioploca ingrica | BAP57172	cellular organisms; Bacteria; Proteobacteria; Gammaproteobacteria; Thiotrichales; Thiotrichaceae; Thioploca; Thioploca ingrica
166	Candidatus Competibacter denitrificans | CDI04496	cellular organisms; Bacteria; Proteobacteria; Gammaproteobacteria; unclassified Gammaproteobacteria; Candidatus Competibacteraceae; Candidatus Competibacter; Candidatus Competibacter denitrificans
167	Sedimenticola | AKH19023	cellular organisms; Bacteria; Proteobacteria; Gammaproteobacteria; unclassified Gammaproteobacteria; Sedimenticola
168	Sedimenticola | AKH22159	cellular organisms; Bacteria; Proteobacteria; Gammaproteobacteria; unclassified Gammaproteobacteria; Sedimenticola
169	sulfur-oxidizing symbionts | KRT56794	cellular organisms; Bacteria; Proteobacteria; Gammaproteobacteria; unclassified Gammaproteobacteria; sulfur-oxidizing symbionts
170	unclassified Gammaproteobacteria (miscellaneous) | KPJ79435	cellular organisms; Bacteria; Proteobacteria; Gammaproteobacteria; unclassified Gammaproteobacteria; unclassified Gammaproteobacteria (miscellaneous)
171	unclassified Gammaproteobacteria (miscellaneous) | KPK60411	cellular organisms; Bacteria; Proteobacteria; Gammaproteobacteria; unclassified Gammaproteobacteria; unclassified Gammaproteobacteria (miscellaneous)
172	unclassified Gammaproteobacteria (miscellaneous) | CBL47290	cellular organisms; Bacteria; Proteobacteria; Gammaproteobacteria; unclassified Gammaproteobacteria; unclassified Gammaproteobacteria (miscellaneous)
173	Tepidiphilus thermophilus | CUB07681	cellular organisms; Bacteria; Proteobacteria; Hydrogenophilalia; Hydrogenophilales; Hydrogenophilaceae; Tepidiphilus; Tepidiphilus thermophilus
174	unclassified Deltaproteobacteria (miscellaneous) | KYK97987	cellular organisms; Bacteria; Proteobacteria; delta/epsilon subdivisions; Deltaproteobacteria; unclassified Deltaproteobacteria; unclassified Deltaproteobacteria (miscellaneous)
175	Nitratiruptor | BAF70899	cellular organisms; Bacteria; Proteobacteria; delta/epsilon subdivisions; Epsilonproteobacteria; unclassified Epsilonproteobacteria; Nitratiruptor
176	Bellilinea | KPL78197	cellular organisms; Bacteria; Terrabacteria group; Chloroflexi; Anaerolineae; Anaerolineales; Anaerolineaceae; Bellilinea
177	Oceanithermus profundus | ADR37584	cellular organisms; Bacteria; Terrabacteria group; Deinococcus-Thermus; Deinococci; Thermales; Thermaceae; Oceanithermus; Oceanithermus profundus
178	Thermus | CBJ34318	cellular organisms; Bacteria; Terrabacteria group; Deinococcus-Thermus; Deinococci; Thermales; Thermaceae; Thermus
179	Thermus scotoductus | ADW22372	cellular organisms; Bacteria; Terrabacteria group; Deinococcus-Thermus; Deinococci; Thermales; Thermaceae; Thermus; Thermus scotoductus
180	environmental samples | ACF98047	cellular organisms; Bacteria; environmental samples
181	environmental samples | ACF98165	cellular organisms; Bacteria; environmental samples
182	environmental samples | ACF98171	cellular organisms; Bacteria; environmental samples
183	environmental samples | ACF98225	cellular organisms; Bacteria; environmental samples
184	Candidatus Methylomirabilis | CBE69462	cellular organisms; Bacteria; unclassified Bacteria; Bacteria candidate phyla; candidate division NC10; Candidatus Methylomirabilis
